,WER,CER,BLEU,WordNet_first,WordNet_all,GloVe,BERT,Sent2Vec
count,37242.0,37242.0,37242.0,37242.0,37242.0,37242.0,37242.0,37242.0
mean,0.4870591970063317,0.3638988857160102,0.2571204341832845,0.4115191317715265,0.332648613860772,0.6729140981742637,0.8844879106832276,0.021459971532920962
std,0.3228449075119189,0.3135298352055166,0.3168094405754048,0.29942212645453886,0.2475573004442562,0.3763892482373584,0.10178954106734912,0.018093642186227926
min,0.0,0.0,0.0,0.0,0.0,-0.7138988971710205,0.1710502505302429,0.0
25%,0.25,0.1666666666666666,1.2183324802375696e-231,0.26413122166609687,0.2437888135256556,0.5341468453407288,0.8403158187866211,0.01060141623020165
50%,0.4,0.2857142857142857,5.503403280858317e-78,0.40237747960726034,0.33239335066992454,0.8257193565368652,0.9231533110141754,0.0158854722976684
75%,0.6666666666666666,0.5,0.5444362784115424,0.5769230769230769,0.4223776223776224,0.960817813873291,0.9569370746612548,0.02555969357490535
max,11.2,19.0,1.0,1.0,1.0,1.000000238418579,1.000000238418579,0.3576091527938843
