,WER,CER,BLEU,WordNet_first,WordNet_all,GloVe,BERT,Sent2Vec
count,36212.0,36212.0,36212.0,36212.0,36212.0,36212.0,36212.0,36212.0
mean,0.7703784831234854,0.6400514633312294,0.10045991399286514,0.2787895663531125,0.2389800637622702,0.5804150257183017,0.760699680508151,0.02342812569150864
std,0.7190558962749167,0.7203008605903884,0.19467823255920524,0.24133408899083178,0.2008713424862772,0.40832647718075626,0.13863644952243795,0.01729491496198587
min,0.0,0.0,0.0,0.0,0.0,-0.845360279083252,0.1327657103538513,0.0
25%,0.5,0.4,0.0,0.0,0.0,0.2924784645438194,0.6604654639959335,0.0125318765640258
50%,0.75,0.6,1.1862177682648819e-231,0.3141905675611806,0.28414062783555527,0.7428395748138428,0.7762889862060547,0.019131690263748148
75%,1.0,0.8571428571428571,0.09061177402695819,0.41113452373956577,0.348273043491647,0.932609498500824,0.8782721757888794,0.029877036809921202
max,73.66666666666667,73.66666666666667,0.9574533680683808,1.0,1.0,0.9980434775352478,0.9999998807907104,0.3842782378196716
