,WER,CER,BLEU,WordNet_first,WordNet_all,GloVe,BERT,Sent2Vec
count,36916.0,36916.0,36916.0,36916.0,36916.0,36916.0,36916.0,36916.0
mean,0.8108026008143916,0.7396447158728331,0.09658519035833639,0.2743105941896851,0.23516299634457027,0.5733255996206457,0.7570178943401311,0.029193890123496952
std,0.807188153284826,0.9637166102410869,0.1904214390475695,0.24121068851772917,0.2006444605394969,0.40539012142327957,0.14023574197719038,0.026131851985331456
min,0.0,0.0,0.0,0.0,0.0,-0.8929070234298706,0.1327657103538513,0.0
25%,0.5,0.4,0.0,0.0,0.0,0.28055851161479944,0.6530552357435226,0.0131227970123291
50%,0.8,0.6,1.1931009847695213e-231,0.31067467477110455,0.28181704744142977,0.726133406162262,0.7733026146888733,0.020213395357131902
75%,1.0,0.9090909090909092,6.626356351409517e-78,0.4098901098901099,0.3469387755102041,0.9275249689817429,0.876253217458725,0.034747421741485575
max,73.66666666666667,73.66666666666667,1.0,1.0,1.0,1.0,1.000000238418579,0.3925771117210388
